feature,standardized_coefficient
slash_count,8.44202085555955
hostname_length,5.205010464443548
https,-5.1112819729458945
max_host_component,-4.058025041010138
subdomain_count,-1.7033909295578575
dot_count,-1.5392101725620047
path_depth,1.4626142734712655
url_length,1.352970782530586
max_path_component,0.9745326629684692
digit_ratio,0.93206055768789
letter_ratio,-0.7866242713998122
hostname_entropy,0.6369157038514861
hostname_hyphens,0.6269579075174593
question_count,0.624201231254999
path_length,0.5449786102928864
url_entropy,-0.45763431767620955
long_component,0.45565951431780416
digit_count,0.35869457163571283
token_update,0.26147347449435454
query_parameter_count,0.22443530629932223
hyphen_count,0.2124218153554823
special_ratio,-0.18326530408916386
ip_host,-0.11452505078902236
token_verify,0.11368063291194062
token_account,0.10935680573287491
colon_count,-0.10725217400120363
suspicious_token_count,0.10225673882436465
token_secure,0.08206548957977274
equals_count,0.07447888337348559
underscore_count,0.06343156337613898
token_bank,-0.05655377824984673
query_length,0.04908225479575424
fragment_length,0.041821449237455635
double_slash_in_path,-0.037583691314347814
token_login,0.03273012791964
percent_count,0.02959004279879597
encoded_octet_count,0.02959004279879597
punycode,-0.020865222639346176
hostname_digit_ratio,0.01838635283769268
has_userinfo,-0.014763432532097574
ampersand_count,-0.012713765283832286
at_count,-0.008483149825492416
has_port,0.0
