model,split,accuracy,precision,recall,f1,roc_auc,average_precision,tn,fp,fn,tp,fpr,rows
logistic_regression,validation,0.9951658609768295,0.9988184324537219,0.9898516783762685,0.9943148402274063,0.9979745261932357,0.9984159027493701,3434,3,26,2536,0.0008728542333430317,5999
random_forest,validation,0.9964994165694282,0.9988221436984688,0.9929742388758782,0.9958896065766295,0.9984037419849245,0.9987137769142708,3434,3,18,2544,0.0008728542333430317,5999
hist_gradient_boosting,validation,0.9971661943657276,0.9992153785798352,0.9941451990632318,0.9966738407356681,0.998326972604006,0.9987303927915218,3435,2,15,2547,0.0005819028222286878,5999
random_forest_augmented,validation,0.9961660276712786,0.9984295249312917,0.992583918813427,0.9954981405363085,0.9976256002718271,0.9983716914404337,3433,4,19,2543,0.0011638056444573757,5999
random_forest_no_https,validation,0.9349891648608102,0.9809565987599645,0.8645589383294301,0.9190871369294605,0.9897714452880748,0.9881381303706969,3394,43,347,2215,0.012510910677916789,5999
logistic_regression,test,0.9950008331944676,0.9988184324537219,0.9894654701521655,0.9941199529596236,0.9965545393943479,0.9976378986771569,3435,3,27,2536,0.0008726003490401396,6001
random_forest,test,0.9965005832361273,0.9984313725490196,0.9933671478735856,0.995892822217876,0.9987942022748665,0.9988345510520029,3434,4,17,2546,0.0011634671320535194,6001
hist_gradient_boosting,test,0.9965005832361273,0.9988226059654631,0.9929769801014436,0.9958912150264136,0.9973024744444648,0.9980378314652117,3435,3,18,2545,0.0008726003490401396,6001
random_forest_augmented,test,0.9968338610231628,0.9996072270227808,0.9929769801014436,0.9962810726169504,0.9984699703595059,0.9987015400586963,3437,1,18,2545,0.00029086678301337986,6001
random_forest_no_https,test,0.928178636893851,0.9720992028343667,0.8564182598517363,0.9105994606928023,0.9888347670126426,0.9864047148701166,3375,63,368,2195,0.01832460732984293,6001
