feature,importance
https,0.37780994074069085
slash_count,0.12944935136871535
path_length,0.12481949868871961
digit_ratio,0.06740743049805123
subdomain_count,0.05571863201243833
url_length,0.045596662841230894
digit_count,0.04440990794542353
hostname_digit_ratio,0.02356503176460323
letter_ratio,0.01829256851699693
hostname_length,0.017857953100279114
url_entropy,0.01634803366308231
path_depth,0.014207066660129858
max_path_component,0.01355384395995142
hyphen_count,0.010802531656552152
hostname_entropy,0.00877620386844043
special_ratio,0.007853556955628125
max_host_component,0.007644220125299872
dot_count,0.007437060338579855
hostname_hyphens,0.005750035980265219
suspicious_token_count,0.0008959348229581842
token_update,0.0005500921256486655
query_parameter_count,0.0004636315979442937
equals_count,0.0002381113626854798
token_login,0.00016249650676837874
underscore_count,0.00012307152581239375
token_bank,6.946866080537657e-05
token_account,5.174508799501579e-05
token_verify,3.670855749930902e-05
token_secure,3.204198199548496e-05
long_component,2.8251219946119028e-05
query_length,2.285379468966426e-05
question_count,8.739935590783478e-06
fragment_length,7.2683321032995155e-06
ampersand_count,4.087561756017888e-06
punycode,3.525673818222693e-06
double_slash_in_path,2.4405669047061534e-06
encoded_octet_count,2.1935232520106201e-16
at_count,1.3155337939708455e-16
colon_count,1.9797185079431826e-17
percent_count,2.9558963067175333e-19
has_userinfo,0.0
ip_host,0.0
has_port,0.0
