feature,f1_drop_mean,f1_drop_std
https,0.28152825604767623,0.006075519090853118
path_length,0.11569363845726321,0.0026675000039517107
subdomain_count,0.09072554791219889,0.0012866521774077097
slash_count,0.015526937680376274,0.002135914838769164
underscore_count,0.0,0.0
hyphen_count,0.0,0.0
dot_count,0.0,0.0
at_count,0.0,0.0
fragment_length,0.0,0.0
hostname_length,0.0,0.0
query_length,0.0,0.0
long_component,0.0,0.0
hostname_entropy,0.0,0.0
path_depth,0.0,0.0
max_path_component,0.0,0.0
equals_count,0.0,0.0
question_count,0.0,0.0
percent_count,0.0,0.0
ampersand_count,0.0,0.0
special_ratio,0.0,0.0
colon_count,0.0,0.0
ip_host,0.0,0.0
has_port,0.0,0.0
has_userinfo,0.0,0.0
hostname_hyphens,0.0,0.0
punycode,0.0,0.0
url_entropy,0.0,0.0
token_account,0.0,0.0
token_login,0.0,0.0
token_verify,0.0,0.0
token_secure,0.0,0.0
max_host_component,0.0,0.0
query_parameter_count,0.0,0.0
encoded_octet_count,0.0,0.0
double_slash_in_path,0.0,0.0
token_bank,0.0,0.0
token_update,0.0,0.0
suspicious_token_count,0.0,0.0
url_length,-2.280111725501873e-06,0.0006162259438394277
letter_ratio,-0.0007524325608054827,0.0
digit_ratio,-0.0007524325608054827,0.0
digit_count,-0.0007524325608054827,0.0
hostname_digit_ratio,-0.0007524325608054827,0.0
