model,perturbation,seen_in_augmentation,accuracy,precision,recall,f1,roc_auc,average_precision,tn,fp,fn,tp,fpr,rows,changed_rows,coverage,flip_rate,changed_only_flip_rate,phishing_to_benign_rate,detected_phishing_flip_rate,benign_to_phishing_rate,f1_before,recall_before,roc_auc_before,f1_delta,recall_delta,roc_auc_delta,changed_only_f1,changed_only_recall,changed_only_roc_auc,changed_only_f1_before,changed_only_recall_before,changed_only_roc_auc_before
logistic_regression,query_padding,True,0.4359273454424263,0.4309011432414257,1.0,0.6022794031253672,0.9967061578188917,0.9977463802942504,53,3385,0,2563,0.9845840605002909,6001,6001,1.0,0.5680719880019997,0.5680719880019997,0.0,0.0,0.9837114601512508,0.9941199529596236,0.9894654701521655,0.9965545393943479,-0.3918405498342564,0.01053452984783454,0.00015161842454380903,0.6022794031253672,1.0,0.9967061578188917,0.9941199529596236,0.9894654701521655,0.9965545393943479
random_forest,query_padding,True,0.4270954840859857,0.4270954840859857,1.0,0.5985520784680056,0.9974199900721707,0.998078556440555,0,3438,0,2563,1.0,6001,6001,1.0,0.5750708215297451,0.5750708215297451,0.0,0.0,0.9988365328679465,0.995892822217876,0.9933671478735856,0.9987942022748665,-0.3973407437498704,0.006632852126414401,-0.0013742122026957349,0.5985520784680056,1.0,0.9974199900721707,0.995892822217876,0.9933671478735856,0.9987942022748665
hist_gradient_boosting,query_padding,True,0.4392601233127812,0.4323549257759784,1.0,0.6036980332116358,0.9951752770270623,0.9965452992929452,73,3365,0,2563,0.9787667248400233,6001,6001,1.0,0.563239460089985,0.563239460089985,0.0,0.0,0.9778941244909831,0.9958912150264136,0.9929769801014436,0.9973024744444648,-0.3921931818147778,0.00702301989855636,-0.0021271974174025265,0.6036980332116358,1.0,0.9951752770270623,0.9958912150264136,0.9929769801014436,0.9973024744444648
random_forest_augmented,query_padding,True,0.9968338610231628,0.9988235294117647,0.9937573156457277,0.9962839820066497,0.9982843626249689,0.9985432459475013,3435,3,16,2547,0.0008726003490401396,6001,6001,1.0,0.0006665555740709882,0.0006665555740709882,0.0,0.0,0.0005817335660267597,0.9962810726169504,0.9929769801014436,0.9984699703595059,2.909389699268239e-06,0.0007803355442840276,-0.00018560773453701884,0.9962839820066497,0.9937573156457277,0.9982843626249689,0.9962810726169504,0.9929769801014436,0.9984699703595059
random_forest_no_https,query_padding,True,0.4270954840859857,0.4270954840859857,1.0,0.5985520784680056,0.8779320177484347,0.8984255516092556,0,3438,0,2563,1.0,6001,6001,1.0,0.6237293784369272,0.6237293784369272,0.0,0.0,0.981675392670157,0.9105994606928023,0.8564182598517363,0.9888347670126426,-0.31204738222479667,0.14358174014826375,-0.11090274926420796,0.5985520784680056,1.0,0.8779320177484347,0.9105994606928023,0.8564182598517363,0.9888347670126426
logistic_regression,benign_path,True,0.4270954840859857,0.4270954840859857,1.0,0.5985520784680056,0.9942069505245021,0.9958072946891487,0,3438,0,2563,1.0,6001,6001,1.0,0.5769038493584403,0.5769038493584403,0.0,0.0,0.9991273996509599,0.9941199529596236,0.9894654701521655,0.9965545393943479,-0.395567874491618,0.01053452984783454,-0.0023475888698457625,0.5985520784680056,1.0,0.9942069505245021,0.9941199529596236,0.9894654701521655,0.9965545393943479
random_forest,benign_path,True,0.4270954840859857,0.4270954840859857,1.0,0.5985520784680056,0.496109103528828,0.42517077937125897,0,3438,0,2563,1.0,6001,6001,1.0,0.5750708215297451,0.5750708215297451,0.0,0.0,0.9988365328679465,0.995892822217876,0.9933671478735856,0.9987942022748665,-0.3973407437498704,0.006632852126414401,-0.5026850987460385,0.5985520784680056,1.0,0.496109103528828,0.995892822217876,0.9933671478735856,0.9987942022748665
hist_gradient_boosting,benign_path,True,0.4270954840859857,0.4270954840859857,1.0,0.5985520784680056,0.7984118991410636,0.7350857021567843,0,3438,0,2563,1.0,6001,6001,1.0,0.5754040993167805,0.5754040993167805,0.0,0.0,0.9991273996509599,0.9958912150264136,0.9929769801014436,0.9973024744444648,-0.397339136558408,0.00702301989855636,-0.19889057530340126,0.5985520784680056,1.0,0.7984118991410636,0.9958912150264136,0.9929769801014436,0.9973024744444648
random_forest_augmented,benign_path,True,0.9880019996667222,0.9928769291650178,0.9789309403043308,0.9858546168958743,0.9965789958093847,0.9969530690177336,3420,18,54,2509,0.005235602094240838,6001,6001,1.0,0.009498416930511582,0.009498416930511582,0.0148263753413968,0.01493123772102161,0.0049447353112274574,0.9962810726169504,0.9929769801014436,0.9984699703595059,-0.010426455721076144,-0.01404603979711283,-0.001890974550121216,0.9858546168958743,0.9789309403043308,0.9965789958093847,0.9962810726169504,0.9929769801014436,0.9984699703595059
random_forest_no_https,benign_path,True,0.4270954840859857,0.4270954840859857,1.0,0.5985520784680056,0.4833067660629848,0.4189074774442635,0,3438,0,2563,1.0,6001,6001,1.0,0.6237293784369272,0.6237293784369272,0.0,0.0,0.981675392670157,0.9105994606928023,0.8564182598517363,0.9888347670126426,-0.31204738222479667,0.14358174014826375,-0.5055280009496579,0.5985520784680056,1.0,0.4833067660629848,0.9105994606928023,0.8564182598517363,0.9888347670126426
logistic_regression,fragment_padding,False,0.9890018330278287,0.9833526906697638,0.9910261412407335,0.9871745044694908,0.9968378025587652,0.9977989471240422,3395,43,23,2540,0.012507271669575335,6001,6001,1.0,0.007665389101816364,0.007665389101816364,0.0,0.0,0.011925538103548575,0.9941199529596236,0.9894654701521655,0.9965545393943479,-0.006945448490132788,0.0015606710885680553,0.00028326316441729116,0.9871745044694908,0.9910261412407335,0.9968378025587652,0.9941199529596236,0.9894654701521655,0.9965545393943479
random_forest,fragment_padding,False,0.4270954840859857,0.4270954840859857,1.0,0.5985520784680056,0.9979638757754838,0.9983486049624954,0,3438,0,2563,1.0,6001,6001,1.0,0.5750708215297451,0.5750708215297451,0.0,0.0,0.9988365328679465,0.995892822217876,0.9933671478735856,0.9987942022748665,-0.3973407437498704,0.006632852126414401,-0.0008303264993826387,0.5985520784680056,1.0,0.9979638757754838,0.995892822217876,0.9933671478735856,0.9987942022748665
hist_gradient_boosting,fragment_padding,False,0.4270954840859857,0.4270954840859857,1.0,0.5985520784680056,0.9940789373636598,0.9959530019840238,0,3438,0,2563,1.0,6001,6001,1.0,0.5754040993167805,0.5754040993167805,0.0,0.0,0.9991273996509599,0.9958912150264136,0.9929769801014436,0.9973024744444648,-0.397339136558408,0.00702301989855636,-0.003223537080805028,0.5985520784680056,1.0,0.9940789373636598,0.9958912150264136,0.9929769801014436,0.9973024744444648
random_forest_augmented,fragment_padding,False,0.9965005832361273,0.9980407523510971,0.9937573156457277,0.9958944281524926,0.9973900295451652,0.9981350459402956,3433,5,16,2547,0.0014543339150668994,6001,6001,1.0,0.0009998333611064823,0.0009998333611064823,0.0,0.0,0.0011634671320535194,0.9962810726169504,0.9929769801014436,0.9984699703595059,-0.0003866444644577971,0.0007803355442840276,-0.0010799408143407074,0.9958944281524926,0.9937573156457277,0.9973900295451652,0.9962810726169504,0.9929769801014436,0.9984699703595059
random_forest_no_https,fragment_padding,False,0.4270954840859857,0.4270954840859857,1.0,0.5985520784680056,0.8862016906362231,0.9033824651802408,0,3438,0,2563,1.0,6001,6001,1.0,0.6237293784369272,0.6237293784369272,0.0,0.0,0.981675392670157,0.9105994606928023,0.8564182598517363,0.9888347670126426,-0.31204738222479667,0.14358174014826375,-0.1026330763764195,0.5985520784680056,1.0,0.8862016906362231,0.9105994606928023,0.8564182598517363,0.9888347670126426
logistic_regression,path_repeat,False,0.4270954840859857,0.4270954840859857,1.0,0.5985520784680056,0.9939067778202217,0.9955841753576112,0,3438,0,2563,1.0,6001,6001,1.0,0.5769038493584403,0.5769038493584403,0.0,0.0,0.9991273996509599,0.9941199529596236,0.9894654701521655,0.9965545393943479,-0.395567874491618,0.01053452984783454,-0.0026477615741261618,0.5985520784680056,1.0,0.9939067778202217,0.9941199529596236,0.9894654701521655,0.9965545393943479
random_forest,path_repeat,False,0.4270954840859857,0.4270954840859857,1.0,0.5985520784680056,0.8036608926829811,0.707247544521791,0,3438,0,2563,1.0,6001,6001,1.0,0.5750708215297451,0.5750708215297451,0.0,0.0,0.9988365328679465,0.995892822217876,0.9933671478735856,0.9987942022748665,-0.3973407437498704,0.006632852126414401,-0.19513330959188535,0.5985520784680056,1.0,0.8036608926829811,0.995892822217876,0.9933671478735856,0.9987942022748665
hist_gradient_boosting,path_repeat,False,0.4270954840859857,0.4270954840859857,1.0,0.5985520784680056,0.9556785639465459,0.9440641028651664,0,3438,0,2563,1.0,6001,6001,1.0,0.5754040993167805,0.5754040993167805,0.0,0.0,0.9991273996509599,0.9958912150264136,0.9929769801014436,0.9973024744444648,-0.397339136558408,0.00702301989855636,-0.041623910497918915,0.5985520784680056,1.0,0.9556785639465459,0.9958912150264136,0.9929769801014436,0.9973024744444648
random_forest_augmented,path_repeat,False,0.4270954840859857,0.4270954840859857,1.0,0.5985520784680056,0.9630246241485934,0.9737902061331897,0,3438,0,2563,1.0,6001,6001,1.0,0.575737377103816,0.575737377103816,0.0,0.0,0.9997091332169866,0.9962810726169504,0.9929769801014436,0.9984699703595059,-0.3977289941489448,0.00702301989855636,-0.035445346210912554,0.5985520784680056,1.0,0.9630246241485934,0.9962810726169504,0.9929769801014436,0.9984699703595059
random_forest_no_https,path_repeat,False,0.4270954840859857,0.4270954840859857,1.0,0.5985520784680056,0.49576245796163554,0.42365964033752246,0,3438,0,2563,1.0,6001,6001,1.0,0.6237293784369272,0.6237293784369272,0.0,0.0,0.981675392670157,0.9105994606928023,0.8564182598517363,0.9888347670126426,-0.31204738222479667,0.14358174014826375,-0.4930723090510071,0.5985520784680056,1.0,0.49576245796163554,0.9105994606928023,0.8564182598517363,0.9888347670126426
logistic_regression,subdomain_prefix,False,0.9653391101483086,0.9302155644866642,0.9933671478735856,0.9607547169811321,0.9963483337974944,0.9972895949412237,3247,191,17,2546,0.05555555555555555,6001,5988,0.9978336943842693,0.032994500916513916,0.033066132264529056,0.0,0.0,0.054682955206515414,0.9941199529596236,0.9894654701521655,0.9965545393943479,-0.0333652359784915,0.003901677721420138,-0.0002062055968534704,0.9605612438376944,0.9933333333333333,0.9963297174599915,0.9940898345153665,0.9894117647058823,0.9965369743010641
random_forest,subdomain_prefix,False,0.4270954840859857,0.4270954840859857,1.0,0.5985520784680056,0.9970297088131841,0.9976042591204409,0,3438,0,2563,1.0,6001,5988,0.9978336943842693,0.5750708215297451,0.5763193052772211,0.0,0.0,0.9988365328679465,0.995892822217876,0.9933671478735856,0.9987942022748665,-0.3973407437498704,0.006632852126414401,-0.0017644934616823926,0.5973295853829936,1.0,0.9970145661522316,0.9958718301552978,0.9933333333333333,0.9987880550707775
hist_gradient_boosting,subdomain_prefix,False,0.4330944842526246,0.4296259016943466,0.999219664455716,0.6008916001877053,0.99342882797369,0.9951036012008575,38,3400,2,2561,0.9889470622454916,6001,5988,0.9978336943842693,0.5694050991501416,0.5706412825651302,0.0007803355442840422,0.0007858546168958742,0.9880744618964514,0.9958912150264136,0.9929769801014436,0.9973024744444648,-0.3949996148387084,0.006242684354272332,-0.0038736464707748164,0.5996705107084019,0.9992156862745099,0.9933953278810069,0.9958702064896755,0.9929411764705882,0.9972887223533975
random_forest_augmented,subdomain_prefix,False,0.43659390101649725,0.431167956916863,0.9996098322278579,0.6024691358024692,0.9966416405476693,0.9973780401503651,58,3380,1,2562,0.983129726585224,6001,5988,0.9978336943842693,0.5662389601733044,0.5674682698730795,0.0003901677721420211,0.0003929273084479371,0.9828388598022106,0.9962810726169504,0.9929769801014436,0.9984699703595059,-0.39381193681448123,0.00663285212641429,-0.0018283298118365598,0.6012501474230452,0.9996078431372549,0.996624519499481,0.9962620499704898,0.9929411764705882,0.9984621702083976
random_forest_no_https,subdomain_prefix,False,0.4270954840859857,0.4270954840859857,1.0,0.5985520784680056,0.8381858605832271,0.8705377587952448,0,3438,0,2563,1.0,6001,5988,0.9978336943842693,0.6237293784369272,0.6250835003340013,0.0,0.0,0.981675392670157,0.9105994606928023,0.8564182598517363,0.9888347670126426,-0.31204738222479667,0.14358174014826375,-0.15064890642941553,0.5973295853829936,1.0,0.8373698228564259,0.9101147028154327,0.855686274509804,0.9887778462170209
logistic_regression,percent_encode_path,False,0.9950008331944676,0.9988184324537219,0.9894654701521655,0.9941199529596236,0.9965545393943479,0.9976378986771569,3435,3,27,2536,0.0008726003490401396,6001,806,0.13431094817530412,0.0,0.0,0.0,0.0,0.0,0.9941199529596236,0.9894654701521655,0.9965545393943479,0.0,0.0,0.0,1.0,1.0,,1.0,1.0,
random_forest,percent_encode_path,False,0.9965005832361273,0.9984313725490196,0.9933671478735856,0.995892822217876,0.9987942022748665,0.9988345510520029,3434,4,17,2546,0.0011634671320535194,6001,806,0.13431094817530412,0.0,0.0,0.0,0.0,0.0,0.995892822217876,0.9933671478735856,0.9987942022748665,0.0,0.0,0.0,1.0,1.0,,1.0,1.0,
hist_gradient_boosting,percent_encode_path,False,0.9965005832361273,0.9988226059654631,0.9929769801014436,0.9958912150264136,0.9972936224705768,0.9980264230634129,3435,3,18,2545,0.0008726003490401396,6001,806,0.13431094817530412,0.0003332777870354941,0.0,0.0,0.0,0.00029086678301337986,0.9958912150264136,0.9929769801014436,0.9973024744444648,0.0,0.0,-8.851973888002185e-06,1.0,1.0,,1.0,1.0,
random_forest_augmented,percent_encode_path,False,0.9968338610231628,0.9996072270227808,0.9929769801014436,0.9962810726169504,0.9984703108200401,0.9987020019779693,3437,1,18,2545,0.00029086678301337986,6001,806,0.13431094817530412,0.0,0.0,0.0,0.0,0.0,0.9962810726169504,0.9929769801014436,0.9984699703595059,0.0,0.0,3.4046053420944133e-07,1.0,1.0,,1.0,1.0,
random_forest_no_https,percent_encode_path,False,0.928178636893851,0.9720992028343667,0.8564182598517363,0.9105994606928023,0.9888347670126427,0.9864047148701166,3375,63,368,2195,0.01832460732984293,6001,806,0.13431094817530412,0.0,0.0,0.0,0.0,0.0,0.9105994606928023,0.8564182598517363,0.9888347670126426,0.0,0.0,1.1102230246251565e-16,1.0,1.0,,1.0,1.0,
