model,split,condition,accuracy,precision,recall,f1,roc_auc,average_precision,tn,fp,fn,tp,fpr,rows,changed_rows,coverage,flip_rate,changed_only_flip_rate,changed_only_f1,changed_only_recall,changed_only_precision,changed_only_roc_auc,changed_only_fp,changed_only_fn
random_forest_augmented,validation,original,0.9961660276712786,0.9984295249312917,0.992583918813427,0.9954981405363085,0.9976256002718271,0.9983716914404337,3433,4,19,2543,0.0011638056444573757,5999,0,0.0,0.0,,,,,,,
random_forest_root_augmented,validation,original,0.9639939989998333,0.9978777589134126,0.9176424668227947,0.956079707198048,0.9952195729214861,0.995554860329716,3432,5,211,2351,0.0014547570555717194,5999,0,0.0,0.0,,,,,,,
random_forest_augmented,validation,query_padding,0.9963327221203534,0.9980392156862745,0.9933645589383294,0.9956964006259781,0.998345370000025,0.9986718096874421,3432,5,17,2545,0.0014547570555717194,5999,5999,1.0,0.0005000833472245374,0.0005000833472245374,0.9956964006259781,0.9933645589383294,0.9980392156862745,0.998345370000025,5.0,17.0
random_forest_root_augmented,validation,query_padding,0.9961660276712786,0.9976479811838495,0.9933645589383294,0.9955016624291023,0.9980490810727817,0.9985084183063937,3431,6,17,2545,0.0017457084666860634,5999,5999,1.0,0.032505417569594935,0.032505417569594935,0.9955016624291023,0.9933645589383294,0.9976479811838495,0.9980490810727817,6.0,17.0
random_forest_augmented,validation,benign_path,0.9734955825970996,0.992619926199262,0.9449648711943794,0.9682063587282543,0.9957083531218904,0.9956865903966714,3419,18,141,2421,0.00523712540005819,5999,5999,1.0,0.025337556259376563,0.025337556259376563,0.9682063587282543,0.9449648711943794,0.992619926199262,0.9957083531218904,18.0,141.0
random_forest_root_augmented,validation,benign_path,0.9749958326387731,0.9882591093117409,0.9527712724434035,0.9701907790143084,0.9954316540144822,0.995516832390631,3408,29,121,2441,0.008437590922315974,5999,5999,1.0,0.019336556092682113,0.019336556092682113,0.9701907790143084,0.9527712724434035,0.9882591093117409,0.9954316540144822,29.0,121.0
random_forest_augmented,validation,fragment_padding,0.9966661110185031,0.9980407523510971,0.9941451990632318,0.9960891669925694,0.9979725956022955,0.9984732368023393,3432,5,15,2547,0.0014547570555717194,5999,5999,1.0,0.0015002500416736123,0.0015002500416736123,0.9960891669925694,0.9941451990632318,0.9980407523510971,0.9979725956022955,5.0,15.0
random_forest_root_augmented,validation,fragment_padding,0.993498916486081,0.9914296844565641,0.9933645589383294,0.9923961785923182,0.9987085482251395,0.9988294824916885,3415,22,17,2545,0.006400931044515566,5999,5999,1.0,0.03583930655109185,0.03583930655109185,0.9923961785923182,0.9933645589383294,0.9914296844565641,0.9987085482251395,22.0,17.0
random_forest_augmented,validation,path_repeat,0.42707117852975496,0.42707117852975496,1.0,0.598528209321341,0.9476453831507561,0.9617943110856931,0,3437,0,2562,1.0,5999,5999,1.0,0.5754292382063677,0.5754292382063677,0.598528209321341,1.0,0.42707117852975496,0.9476453831507561,3437.0,0.0
random_forest_root_augmented,validation,path_repeat,0.42707117852975496,0.42707117852975496,1.0,0.598528209321341,0.9517633336263289,0.9651324738634001,0,3437,0,2562,1.0,5999,5999,1.0,0.6072678779796633,0.6072678779796633,0.598528209321341,1.0,0.42707117852975496,0.9517633336263289,3437.0,0.0
random_forest_augmented,validation,subdomain_prefix,0.4352392065344224,0.4305648957632818,0.9996096799375488,0.6018801410105757,0.9947008685615075,0.9960760278930934,50,3387,1,2561,0.9854524294442828,5999,5994,0.9991665277546258,0.5672612102017003,0.5677344010677344,0.6014117647058823,0.9996089166992569,0.43008581524482586,0.9946905065524374,3387.0,1.0
random_forest_root_augmented,validation,subdomain_prefix,0.42707117852975496,0.42707117852975496,1.0,0.598528209321341,0.9942298043720844,0.9950817321282368,0,3437,0,2562,1.0,5999,5994,0.9991665277546258,0.6072678779796633,0.6077744411077745,0.5980587065840253,1.0,0.42659325992659325,0.9942185212363239,3437.0,0.0
random_forest_augmented,validation,percent_encode_path,0.9961660276712786,0.9984295249312917,0.992583918813427,0.9954981405363085,0.9976256002718272,0.9983716914404338,3433,4,19,2543,0.0011638056444573757,5999,657,0.10951825304217369,0.0,0.0,1.0,1.0,1.0,,0.0,0.0
random_forest_root_augmented,validation,percent_encode_path,0.9639939989998333,0.9978777589134126,0.9176424668227947,0.956079707198048,0.995219913614005,0.9955553807565345,3432,5,211,2351,0.0014547570555717194,5999,657,0.10951825304217369,0.0,0.0,1.0,1.0,1.0,,0.0,0.0
random_forest_augmented,validation,root_slash,0.42707117852975496,0.42707117852975496,1.0,0.598528209321341,0.952698534590625,0.9668171056591846,0,3437,0,2562,1.0,5999,4473,0.7456242707117853,0.5754292382063677,0.7717415604739548,0.3761118170266836,1.0,0.23161189358372458,0.9922837495211658,3437.0,0.0
random_forest_root_augmented,validation,root_slash,0.9623270545090848,0.9903442485306465,0.9207650273224044,0.9542880258899676,0.9908132262286906,0.9911137654799441,3414,23,203,2359,0.00669188245562991,5999,4473,0.7456242707117853,0.004334055675945991,0.005812653699977644,0.9792771084337349,0.9806949806949807,0.9778633301251203,0.9921716939101286,23.0,20.0
random_forest_augmented,validation,remove_www,0.44224037339556593,0.43342391304347827,0.9960967993754879,0.6040236686390532,0.7956405325978009,0.7990696845451117,101,3336,10,2552,0.9706139074774512,5999,4511,0.7519586597766295,0.5572595432572095,0.741077366437597,0.39080459770114945,0.9972067039106145,0.2430224642614023,0.7293882326679378,3336.0,3.0
random_forest_root_augmented,validation,remove_www,0.964327387897983,0.9987255734919286,0.9176424668227947,0.9564686737184703,0.9954452249331504,0.9956932849752885,3434,3,211,2351,0.0008728542333430317,5999,4511,0.7519586597766295,0.0003333888981496916,0.0004433606739082243,0.9863529411764705,0.9757914338919925,0.9971455756422455,0.9952765094933056,3.0,26.0
random_forest_augmented,validation,remove_www_root_slash,0.42707117852975496,0.42707117852975496,1.0,0.598528209321341,0.45605395842688184,0.3972038114685956,0,3437,0,2562,1.0,5999,4594,0.7657942990498416,0.5754292382063677,0.7514148889856335,0.40236480612067466,1.0,0.2518502394427514,0.49839285179910825,3437.0,0.0
random_forest_root_augmented,validation,remove_www_root_slash,0.9628271378563094,0.9920067311737484,0.9203747072599532,0.954849159748937,0.98940633647202,0.9902816472278867,3418,19,204,2358,0.005528076811172534,5999,4594,0.7657942990498416,0.0038339723287214534,0.00500653025685677,0.9765013054830287,0.9697493517718236,0.9833479404031551,0.9891340838387682,19.0,35.0
random_forest_augmented,test,original,0.9968338610231628,0.9996072270227808,0.9929769801014436,0.9962810726169504,0.9984699703595059,0.9987015400586963,3437,1,18,2545,0.00029086678301337986,6001,0,0.0,0.0,,,,,,,
random_forest_root_augmented,test,original,0.975004165972338,0.9987598181066556,0.9426453374951229,0.9698916097952629,0.9957012885523323,0.9959193331770329,3435,3,147,2416,0.0008726003490401396,6001,0,0.0,0.0,,,,,,,
random_forest_augmented,test,query_padding,0.9968338610231628,0.9988235294117647,0.9937573156457277,0.9962839820066497,0.9982843626249689,0.9985432459475013,3435,3,16,2547,0.0008726003490401396,6001,6001,1.0,0.0006665555740709882,0.0006665555740709882,0.9962839820066497,0.9937573156457277,0.9988235294117647,0.9982843626249689,3.0,16.0
random_forest_root_augmented,test,query_padding,0.9965005832361273,0.9980407523510971,0.9937573156457277,0.9958944281524926,0.9982721060457391,0.9985288706137877,3433,5,16,2547,0.0014543339150668994,6001,6001,1.0,0.022162972837860357,0.022162972837860357,0.9958944281524926,0.9937573156457277,0.9980407523510971,0.9982721060457391,5.0,16.0
random_forest_augmented,test,benign_path,0.9880019996667222,0.9928769291650178,0.9789309403043308,0.9858546168958743,0.9965789958093847,0.9969530690177336,3420,18,54,2509,0.005235602094240838,6001,6001,1.0,0.009498416930511582,0.009498416930511582,0.9858546168958743,0.9789309403043308,0.9928769291650178,0.9965789958093847,18.0,54.0
random_forest_root_augmented,test,benign_path,0.9858356940509915,0.9877952755905511,0.9789309403043308,0.9833431314912796,0.9971139160519652,0.9971834356439316,3407,31,54,2509,0.009016870273414777,6001,6001,1.0,0.020496583902682886,0.020496583902682886,0.9833431314912796,0.9789309403043308,0.9877952755905511,0.9971139160519652,31.0,54.0
random_forest_augmented,test,fragment_padding,0.9965005832361273,0.9980407523510971,0.9937573156457277,0.9958944281524926,0.9973900295451652,0.9981350459402956,3433,5,16,2547,0.0014543339150668994,6001,6001,1.0,0.0009998333611064823,0.0009998333611064823,0.9958944281524926,0.9937573156457277,0.9980407523510971,0.9973900295451652,5.0,16.0
random_forest_root_augmented,test,fragment_padding,0.9940009998333611,0.993747557639703,0.9921966445571596,0.9929714955095665,0.998328622494409,0.9985286135939192,3422,16,20,2543,0.004653868528214078,6001,6001,1.0,0.023329445092484587,0.023329445092484587,0.9929714955095665,0.9921966445571596,0.993747557639703,0.998328622494409,16.0,20.0
random_forest_augmented,test,path_repeat,0.4270954840859857,0.4270954840859857,1.0,0.5985520784680056,0.9630246241485934,0.9737902061331897,0,3438,0,2563,1.0,6001,6001,1.0,0.575737377103816,0.575737377103816,0.5985520784680056,1.0,0.4270954840859857,0.9630246241485934,3438.0,0.0
random_forest_root_augmented,test,path_repeat,0.4270954840859857,0.4270954840859857,1.0,0.5985520784680056,0.9727725766756843,0.9801341167385541,0,3438,0,2563,1.0,6001,6001,1.0,0.5969005165805699,0.5969005165805699,0.5985520784680056,1.0,0.4270954840859857,0.9727725766756843,3438.0,0.0
random_forest_augmented,test,subdomain_prefix,0.43659390101649725,0.431167956916863,0.9996098322278579,0.6024691358024692,0.9966416405476693,0.9973780401503651,58,3380,1,2562,0.983129726585224,6001,5988,0.9978336943842693,0.5662389601733044,0.5674682698730795,0.6012501474230452,0.9996078431372549,0.42992072862202735,0.996624519499481,3380.0,1.0
random_forest_root_augmented,test,subdomain_prefix,0.4272621229795034,0.42716666666666664,1.0,0.5986219782786406,0.9957823749028836,0.9964349580694051,1,3437,0,2563,0.9997091332169866,6001,5988,0.9978336943842693,0.5967338776870521,0.5980293921175684,0.5973995548787631,1.0,0.42592283280440957,0.9957608732847414,3437.0,0.0
random_forest_augmented,test,percent_encode_path,0.9968338610231628,0.9996072270227808,0.9929769801014436,0.9962810726169504,0.9984703108200401,0.9987020019779693,3437,1,18,2545,0.00029086678301337986,6001,806,0.13431094817530412,0.0,0.0,1.0,1.0,1.0,,0.0,0.0
random_forest_root_augmented,test,percent_encode_path,0.975004165972338,0.9987598181066556,0.9426453374951229,0.9698916097952629,0.9957023099339348,0.995920846108655,3435,3,147,2416,0.0008726003490401396,6001,806,0.13431094817530412,0.0,0.0,1.0,1.0,1.0,,0.0,0.0
random_forest_augmented,test,root_slash,0.4270954840859857,0.4270954840859857,1.0,0.5985520784680056,0.966976746772491,0.9769247502193315,0,3438,0,2563,1.0,6001,4415,0.7357107148808532,0.575737377103816,0.782559456398641,0.3623887240356083,1.0,0.22129105322763307,0.9900107951172487,3438.0,0.0
random_forest_root_augmented,test,root_slash,0.9726712214630895,0.99179991799918,0.943815840811549,0.9672131147540983,0.9917140984934167,0.9924496990327025,3418,20,144,2419,0.005817335660267597,6001,4415,0.7357107148808532,0.0033327778703549408,0.004530011325028313,0.9784836065573771,0.977482088024565,0.9794871794871794,0.9951061738186551,20.0,22.0
random_forest_augmented,test,remove_www,0.4427595400766539,0.43362230154682985,0.9953179867342957,0.6040729339332228,0.8188164933609061,0.8179267274181837,106,3332,12,2551,0.9691681210005817,6001,4465,0.7440426595567405,0.5570738210298284,0.7487122060470325,0.37985504553057053,0.9951314508276533,0.2347266881028939,0.7426478959880776,3332.0,5.0
random_forest_root_augmented,test,remove_www,0.975004165972338,0.9991725279271825,0.9422551697229808,0.9698795180722891,0.9955177235810002,0.9957938969423558,3436,2,148,2415,0.0005817335660267597,6001,4465,0.7440426595567405,0.0003332777870354941,0.0004479283314669653,0.9916707496325331,0.98539435248296,0.9980276134122288,0.9952506863832995,2.0,15.0
random_forest_augmented,test,remove_www_root_slash,0.4270954840859857,0.4270954840859857,1.0,0.5985520784680056,0.4608635509080423,0.3999815490721966,0,3438,0,2563,1.0,6001,4537,0.7560406598900183,0.575737377103816,0.7615164205422085,0.38999290276792054,1.0,0.2422305488208067,0.5064494878997831,3438.0,0.0
random_forest_root_augmented,test,remove_www_root_slash,0.9728378603566072,0.9926108374384236,0.9434256730394069,0.9673934786957391,0.990332623132659,0.9913501429521899,3420,18,145,2418,0.005235602094240838,6001,4537,0.7560406598900183,0.003166138976837194,0.004187789288075821,0.9799086757990868,0.9763421292083713,0.9835013748854262,0.9934419994696115,18.0,26.0
