line,url,model,prediction,phishing_probability,threshold,status,error,url_length,hostname_length,path_depth,https
1,google.com,random_forest,Phishing,0.9710759413,0.5,ok,,17,10,0,0
2,https://google.com,random_forest,Phishing,0.8437813903,0.5,ok,,18,10,0,1
3,https://www.google.com/,random_forest,Phishing,0.9636433302,0.5,ok,,23,14,0,1
4,https://example.org/help?lang=en,random_forest,Phishing,1,0.5,ok,,32,11,1,1
1,google.com,random_forest_augmented,Phishing,0.9704436961,0.5,ok,,17,10,0,0
2,https://google.com,random_forest_augmented,Phishing,0.931373428,0.5,ok,,18,10,0,1
3,https://www.google.com/,random_forest_augmented,Phishing,0.966960939,0.5,ok,,23,14,0,1
4,https://example.org/help?lang=en,random_forest_augmented,Phishing,1,0.5,ok,,32,11,1,1
1,google.com,random_forest_root_augmented,Phishing,0.9503748439,0.5,ok,,17,10,0,0
2,https://google.com,random_forest_root_augmented,Benign,0.03475121075,0.5,ok,,18,10,0,1
3,https://www.google.com/,random_forest_root_augmented,Benign,0.05543578601,0.5,ok,,23,14,0,1
4,https://example.org/help?lang=en,random_forest_root_augmented,Phishing,1,0.5,ok,,32,11,1,1
1,google.com,random_forest_mixed,Benign,0.09608182993,0.5,ok,,17,10,0,0
2,https://google.com,random_forest_mixed,Phishing,0.7279560116,0.5,ok,,18,10,0,1
3,https://www.google.com/,random_forest_mixed,Benign,0.1999342033,0.5,ok,,23,14,0,1
4,https://example.org/help?lang=en,random_forest_mixed,Phishing,0.9050203978,0.5,ok,,32,11,1,1
