dataset,split,model,threshold,rows,accuracy,precision,recall,f1,roc_auc,average_precision,tn,fp,fn,tp,fpr,fnr
original,validation,random_forest,0.5,5999,0.9964994166,0.9988221437,0.9929742389,0.9958896066,0.998403742,0.9987137769,3434,3,18,2544,0.0008728542333,0.007025761124
original,validation,random_forest_augmented,0.5,5999,0.9961660277,0.9984295249,0.9925839188,0.9954981405,0.9976256003,0.9983716914,3433,4,19,2543,0.001163805644,0.007416081187
original,validation,random_forest_root_augmented,0.5,5999,0.963993999,0.9978777589,0.9176424668,0.9560797072,0.9952195729,0.9955548603,3432,5,211,2351,0.001454757056,0.08235753318
original,validation,random_forest_mixed,0.5,5999,0.9844974162,0.9983851433,0.9652615144,0.9815439571,0.9978729998,0.998201928,3433,4,89,2473,0.001163805644,0.03473848556
original,test,random_forest,0.5,6001,0.9965005832,0.9984313725,0.9933671479,0.9958928222,0.9987942023,0.9988345511,3434,4,17,2546,0.001163467132,0.006632852126
original,test,random_forest_augmented,0.5,6001,0.996833861,0.999607227,0.9929769801,0.9962810726,0.9984699704,0.9987015401,3437,1,18,2545,0.000290866783,0.007023019899
original,test,random_forest_root_augmented,0.5,6001,0.975004166,0.9987598181,0.9426453375,0.9698916098,0.9957012886,0.9959193332,3435,3,147,2416,0.000872600349,0.0573546625
original,test,random_forest_mixed,0.5,6001,0.9881686386,0.9976038339,0.9746390948,0.985987764,0.9984025592,0.9985041927,3432,6,65,2498,0.001745200698,0.02536090519
hannousse_development,validation,random_forest,0.5,2116,0.4829867675,0.4822021832,0.9970559372,0.6500319898,0.6462419141,0.579755278,6,1091,3,1016,0.9945305378,0.002944062807
hannousse_development,validation,random_forest_augmented,0.5,2116,0.4829867675,0.4822021832,0.9970559372,0.6500319898,0.760667643,0.705529632,6,1091,3,1016,0.9945305378,0.002944062807
hannousse_development,validation,random_forest_root_augmented,0.5,2116,0.5812854442,0.5360433604,0.9705593719,0.6906424581,0.7591473042,0.7011070945,241,856,30,989,0.7803099362,0.02944062807
hannousse_development,validation,random_forest_mixed,0.5,2116,0.8553875236,0.8018628281,0.9293424926,0.8609090909,0.9300366867,0.9201285724,863,234,72,947,0.2133090246,0.07065750736
hannousse_development,test,random_forest,0.5,2116,0.4820415879,0.4817449028,0.9970559372,0.6496163683,0.6807208168,0.6044748744,4,1093,3,1016,0.9963536919,0.002944062807
hannousse_development,test,random_forest_augmented,0.5,2116,0.4820415879,0.4817449028,0.9970559372,0.6496163683,0.7569113015,0.6928733808,4,1093,3,1016,0.9963536919,0.002944062807
hannousse_development,test,random_forest_root_augmented,0.5,2116,0.5737240076,0.5311335817,0.9793915604,0.6887508627,0.7802947283,0.7277800545,216,881,21,998,0.8030993619,0.02060843965
hannousse_development,test,random_forest_mixed,0.5,2116,0.8539697543,0.7895595432,0.9499509323,0.8623608018,0.947579848,0.9479817548,839,258,51,968,0.2351868733,0.05004906771
