dataset,model,condition,rows,accuracy,precision,recall,f1,roc_auc,average_precision,tn,fp,fn,tp,fpr,fnr,coverage,flip_rate,f1_before,recall_before,roc_auc_before,changed_only_rows,changed_only_accuracy,changed_only_precision,changed_only_recall,changed_only_f1,changed_only_roc_auc,changed_only_average_precision,changed_only_tn,changed_only_fp,changed_only_fn,changed_only_tp,changed_only_fpr,changed_only_fnr
original,random_forest_augmented,query_padding,6001,0.9968338610231628,0.9988235294117647,0.9937573156457277,0.9962839820066497,0.9982843626249689,0.9985432459475013,3435,3,16,2547,0.0008726003490401396,0.006242684354272337,1.0,0.0006665555740709882,0.9962810726169504,0.9929769801014436,0.9984699703595059,6001,0.9968338610231628,0.9988235294117647,0.9937573156457277,0.9962839820066497,0.9982843626249689,0.9985432459475013,3435,3,16,2547,0.0008726003490401396,0.006242684354272337
original,random_forest_mixed,query_padding,6001,0.7572071321446425,0.63825,0.9960983222785798,0.7779978668291939,0.9793063547866594,0.9749245442318373,1991,1447,10,2553,0.42088423502036065,0.0039016777214202106,1.0,0.24929178470254956,0.9859877639628972,0.9746390948107686,0.9984025591737431,6001,0.7572071321446425,0.63825,0.9960983222785798,0.7779978668291939,0.9793063547866594,0.9749245442318373,1991,1447,10,2553,0.42088423502036065,0.0039016777214202106
original,random_forest_augmented,benign_path,6001,0.9880019996667222,0.9928769291650178,0.9789309403043308,0.9858546168958743,0.9965789958093847,0.9969530690177336,3420,18,54,2509,0.005235602094240838,0.021069059695669138,1.0,0.009498416930511582,0.9962810726169504,0.9929769801014436,0.9984699703595059,6001,0.9880019996667222,0.9928769291650178,0.9789309403043308,0.9858546168958743,0.9965789958093847,0.9969530690177336,3420,18,54,2509,0.005235602094240838,0.021069059695669138
original,random_forest_mixed,benign_path,6001,0.733877687052158,0.6663223140495868,0.7549746390948108,0.7078836656301445,0.813738184033445,0.8469535665163931,2469,969,628,1935,0.28184991273996507,0.24502536090518923,1.0,0.26395600733211133,0.9859877639628972,0.9746390948107686,0.9984025591737431,6001,0.733877687052158,0.6663223140495868,0.7549746390948108,0.7078836656301445,0.813738184033445,0.8469535665163931,2469,969,628,1935,0.28184991273996507,0.24502536090518923
original,random_forest_augmented,fragment_padding,6001,0.9965005832361273,0.9980407523510971,0.9937573156457277,0.9958944281524926,0.9973900295451652,0.9981350459402956,3433,5,16,2547,0.0014543339150668994,0.006242684354272337,1.0,0.0009998333611064823,0.9962810726169504,0.9929769801014436,0.9984699703595059,6001,0.9965005832361273,0.9980407523510971,0.9937573156457277,0.9958944281524926,0.9973900295451652,0.9981350459402956,3433,5,16,2547,0.0014543339150668994,0.006242684354272337
original,random_forest_mixed,fragment_padding,6001,0.9298450258290285,0.8792492917847026,0.9687865782286383,0.9218488954891405,0.9781697840368042,0.9755443402415778,3097,341,80,2483,0.09918557300756253,0.031213421771361684,1.0,0.06565572404599233,0.9859877639628972,0.9746390948107686,0.9984025591737431,6001,0.9298450258290285,0.8792492917847026,0.9687865782286383,0.9218488954891405,0.9781697840368042,0.9755443402415778,3097,341,80,2483,0.09918557300756253,0.031213421771361684
original,random_forest_augmented,path_repeat,6001,0.4270954840859857,0.4270954840859857,1.0,0.5985520784680056,0.9630246241485934,0.9737902061331897,0,3438,0,2563,1.0,0.0,1.0,0.575737377103816,0.9962810726169504,0.9929769801014436,0.9984699703595059,6001,0.4270954840859857,0.4270954840859857,1.0,0.5985520784680056,0.9630246241485934,0.9737902061331897,0,3438,0,2563,1.0,0.0
original,random_forest_mixed,path_repeat,6001,0.6262289618396933,0.5382592061214729,0.8782676550916895,0.667457375833951,0.8510076042995172,0.8669041979574971,1507,1931,312,2251,0.5616637579988365,0.12173234490831057,1.0,0.37393767705382436,0.9859877639628972,0.9746390948107686,0.9984025591737431,6001,0.6262289618396933,0.5382592061214729,0.8782676550916895,0.667457375833951,0.8510076042995172,0.8669041979574971,1507,1931,312,2251,0.5616637579988365,0.12173234490831057
original,random_forest_augmented,subdomain_prefix,6001,0.43659390101649725,0.431167956916863,0.9996098322278579,0.6024691358024692,0.9966416405476693,0.9973780401503651,58,3380,1,2562,0.983129726585224,0.0003901677721420211,0.9978336943842693,0.5662389601733044,0.9962810726169504,0.9929769801014436,0.9984699703595059,5988,0.43537074148296595,0.42992072862202735,0.9996078431372549,0.6012501474230452,0.996624519499481,0.9973561695822819,58,3380,1,2549,0.983129726585224,0.000392156862745098
original,random_forest_mixed,subdomain_prefix,6001,0.4270954840859857,0.4270954840859857,1.0,0.5985520784680056,0.96028408707891,0.9684076440878792,0,3438,0,2563,1.0,0.0,0.9978336943842693,0.5827362106315614,0.9859877639628972,0.9746390948107686,0.9984025591737431,5988,0.4258517034068136,0.4258517034068136,1.0,0.5973295853829936,0.9600819559935667,0.968144228712567,0,3438,0,2550,1.0,0.0
original,random_forest_augmented,percent_encode_path,6001,0.9968338610231628,0.9996072270227808,0.9929769801014436,0.9962810726169504,0.9984703108200401,0.9987020019779693,3437,1,18,2545,0.00029086678301337986,0.00702301989855638,0.13431094817530412,0.0,0.9962810726169504,0.9929769801014436,0.9984699703595059,806,1.0,1.0,1.0,1.0,,,0,0,0,806,,0.0
original,random_forest_mixed,percent_encode_path,6001,0.98816863856024,0.9976038338658147,0.9746390948107686,0.9859877639628972,0.9983627252912469,0.9984311448338217,3432,6,65,2498,0.0017452006980802793,0.02536090518923137,0.13431094817530412,0.0033327778703549408,0.9859877639628972,0.9746390948107686,0.9984025591737431,806,0.9826302729528535,1.0,0.9826302729528535,0.9912390488110138,,,0,0,14,792,,0.017369727047146403
hannousse_development,random_forest_augmented,query_padding,2116,0.4820415879017013,0.4817449027975344,0.9970559371933267,0.649616368286445,0.7046172852538326,0.6230575235785786,4,1093,3,1016,0.9963536918869644,0.002944062806673209,1.0,0.0,0.649616368286445,0.9970559371933267,0.7569113014976163,2116,0.4820415879017013,0.4817449027975344,0.9970559371933267,0.649616368286445,0.7046172852538326,0.6230575235785786,4,1093,3,1016,0.9963536918869644,0.002944062806673209
hannousse_development,random_forest_mixed,query_padding,2116,0.5174858223062382,0.49950641658440276,0.9931305201177625,0.664696223316913,0.9063289746413404,0.9209095817455873,83,1014,7,1012,0.9243391066545124,0.0068694798822374874,1.0,0.3837429111531191,0.8623608017817372,0.9499509322865555,0.9475798479750734,2116,0.5174858223062382,0.49950641658440276,0.9931305201177625,0.664696223316913,0.9063289746413404,0.9209095817455873,83,1014,7,1012,0.9243391066545124,0.0068694798822374874
hannousse_development,random_forest_augmented,benign_path,2116,0.5671077504725898,0.5268368942157373,0.9921491658488715,0.6882232811436352,0.710837300050186,0.633103461714964,189,908,8,1011,0.8277119416590701,0.007850834151128557,1.0,0.09073724007561437,0.649616368286445,0.9970559371933267,0.7569113014976163,2116,0.5671077504725898,0.5268368942157373,0.9921491658488715,0.6882232811436352,0.710837300050186,0.633103461714964,189,908,8,1011,0.8277119416590701,0.007850834151128557
hannousse_development,random_forest_mixed,benign_path,2116,0.7764650283553876,0.7013274336283186,0.9332679097154073,0.8008421052631579,0.9185475956820411,0.9244264465557673,692,405,68,951,0.3691886964448496,0.06673209028459273,1.0,0.14555765595463138,0.8623608017817372,0.9499509322865555,0.9475798479750734,2116,0.7764650283553876,0.7013274336283186,0.9332679097154073,0.8008421052631579,0.9185475956820411,0.9244264465557673,692,405,68,951,0.3691886964448496,0.06673209028459273
hannousse_development,random_forest_augmented,fragment_padding,2116,0.4825141776937618,0.4819905213270142,0.9980372914622179,0.6500479386385427,0.7884157256430464,0.7223733002532079,4,1093,2,1017,0.9963536918869644,0.001962708537782139,1.0,0.0004725897920604915,0.649616368286445,0.9970559371933267,0.7569113014976163,2116,0.4825141776937618,0.4819905213270142,0.9980372914622179,0.6500479386385427,0.7884157256430464,0.7223733002532079,4,1093,2,1017,0.9963536918869644,0.001962708537782139
hannousse_development,random_forest_mixed,fragment_padding,2116,0.8152173913043478,0.7603648424543947,0.8999018645731109,0.8242696629213483,0.9077594080743001,0.9160781332667005,808,289,102,917,0.2634457611668186,0.10009813542688911,1.0,0.11153119092627599,0.8623608017817372,0.9499509322865555,0.9475798479750734,2116,0.8152173913043478,0.7603648424543947,0.8999018645731109,0.8242696629213483,0.9077594080743001,0.9160781332667005,808,289,102,917,0.2634457611668186,0.10009813542688911
hannousse_development,random_forest_augmented,path_repeat,2116,0.4815689981096408,0.4815689981096408,1.0,0.6500797448165869,0.7350589483496341,0.6624265994752992,0,1097,0,1019,1.0,0.0,1.0,0.0033081285444234404,0.649616368286445,0.9970559371933267,0.7569113014976163,2116,0.4815689981096408,0.4815689981096408,1.0,0.6500797448165869,0.7350589483496341,0.6624265994752992,0,1097,0,1019,1.0,0.0
hannousse_development,random_forest_mixed,path_repeat,2116,0.7178638941398866,0.6347381864623244,0.9754661432777233,0.7690522243713733,0.9303104282086124,0.9304113061723919,525,572,25,994,0.5214220601640839,0.02453385672227674,1.0,0.18525519848771266,0.8623608017817372,0.9499509322865555,0.9475798479750734,2116,0.7178638941398866,0.6347381864623244,0.9754661432777233,0.7690522243713733,0.9303104282086124,0.9304113061723919,525,572,25,994,0.5214220601640839,0.02453385672227674
hannousse_development,random_forest_augmented,subdomain_prefix,2116,0.4815689981096408,0.4815689981096408,1.0,0.6500797448165869,0.7426409612083271,0.7008317870655423,0,1097,0,1019,1.0,0.0,0.9919659735349716,0.0033081285444234404,0.649616368286445,0.9970559371933267,0.7569113014976163,2099,0.4773701762744164,0.4773701762744164,1.0,0.6462431473718155,0.7414068854087631,0.6968604332645467,0,1097,0,1002,1.0,0.0
hannousse_development,random_forest_mixed,subdomain_prefix,2116,0.5023629489603024,0.49178743961352656,0.9990186457311089,0.6591129815474264,0.6595541592155607,0.5759286165460298,45,1052,1,1018,0.95897903372835,0.0009813542688910696,0.9919659735349716,0.3998109640831758,0.8623608017817372,0.9499509322865555,0.9475798479750734,2099,0.49833253930443067,0.4875791524598149,0.999001996007984,0.6553191489361702,0.6584115269915958,0.5714971349593071,45,1052,1,1001,0.95897903372835,0.000998003992015968
hannousse_development,random_forest_augmented,percent_encode_path,2116,0.4820415879017013,0.4817449027975344,0.9970559371933267,0.649616368286445,0.700543815186927,0.631528552623468,4,1093,3,1016,0.9963536918869644,0.002944062806673209,0.724007561436673,0.0,0.649616368286445,0.9970559371933267,0.7569113014976163,1532,0.5607049608355091,0.5607049608355091,1.0,0.7185278126306984,0.6640448913436441,0.6676883705851916,0,673,0,859,1.0,0.0
hannousse_development,random_forest_mixed,percent_encode_path,2116,0.718336483931947,0.6414715719063545,0.9411187438665358,0.7629276054097056,0.9014597756572256,0.8956454776058523,561,536,60,959,0.4886052871467639,0.058881256133464184,0.724007561436673,0.16965973534971646,0.8623608017817372,0.9499509322865555,0.9475798479750734,1532,0.6925587467362925,0.6561996779388084,0.9487776484284052,0.7758210376011423,0.9114714058124188,0.9440943961420503,246,427,44,815,0.6344725111441307,0.051222351571594875
